中文片名,英文片名,期待度,海報圖片,上映日
阿達一族2,The Addams Family 2,88%,https://movies.yahoo.com.tw/x/r/w420/i/o/production/movies/September2021/vrgcS5Rs816DRIZ7aGm7-1013x1500.jpg,2021-12-30
緣來大飯店,A Year-End Medley,92%,https://movies.yahoo.com.tw/x/r/w420/i/o/production/movies/December2021/xzZfnUBPCMw8hyturM8z-1080x1542.JPG,2021-12-30
鈦,TITANE,77%,https://movies.yahoo.com.tw/x/r/w420/i/o/production/movies/December2021/J493IlBhgrO1UntMnyga-1080x1543.jpg,2021-12-30
劇場版信號 長期未解決事件搜查班,SIGNAL The Movie Cold Case Investigation Unit,96%,https://movies.yahoo.com.tw/x/r/w420/i/o/production/movies/December2021/wyYk6kORVFuTTXqwdOdS-1080x1542.jpg,2021-12-30
騎趣環世界,Somewhere Else Together,0%,https://movies.yahoo.com.tw/x/r/w420/i/o/production/movies/December2021/dSuCKHb4jRpF9qpi6jqf-1080x1539.jpg,2021-12-30
金牌特務：金士曼起源,The King’s Man,96%,https://movies.yahoo.com.tw/x/r/w420/i/o/production/movies/December2021/Isok98Nu0ZUcRCHSUkQV-514x700.jpg,2021-12-30
麥特與麥斯,Matthias & Maxime,80%,https://movies.yahoo.com.tw/x/r/w420/i/o/production/movies/December2021/5Zv4CwFvj5CdyDOuxisW-1080x1542.jpg,2021-12-30
魔鬼剋星：未來世,Ghostbusters: Afterlife,87%,https://movies.yahoo.com.tw/x/r/w420/i/o/production/movies/January2021/TFaMaFvMK3nwkWhpxFvy-757x1080.jpg,2021-12-31
